City_ID,City,Lat,Lng,Max Temp,Humidity,Cloudiness,Wind Speed,Country,Date
0,dikhil,11.5,42.1667,22.7,57,13,2.2,DJ,1730693632
1,bethel,41.3712,-73.414,3.67,68,40,1.43,US,1730693253
2,nar'yan-mar,67.6713,53.087,-2.11,88,100,7.31,RU,1730693634
3,new norfolk,-42.7826,147.0587,19.28,40,35,4.78,AU,1730693278
4,udachny,66.4167,112.4,-20.27,96,80,2.99,RU,1730693424
5,yellowknife,62.456,-114.3525,-1.99,99,100,1.54,CA,1730693240
6,port elizabeth,-33.918,25.5701,14.62,96,100,4.02,ZA,1730693281
7,enewetak,11.3474,162.3373,28.47,71,65,1.21,MH,1730693255
8,ingeniero guillermo n. juarez,-23.9,-61.85,23.67,76,0,1.72,AR,1730693641
9,waitangi,-43.9535,-176.5597,10.46,69,70,2.24,NZ,1730693176
10,iqaluit,63.7506,-68.5145,-6.27,93,100,7.17,CA,1730693250
11,avarua,-21.2078,-159.775,25.03,88,100,6.17,CK,1730693292
12,fort mcmurray,56.7268,-111.381,-3.27,93,100,4.12,CA,1730693646
13,al mayadin,35.0209,40.4535,16.24,77,12,2.47,SY,1730693647
14,blackmans bay,-43.0167,147.3167,18.62,44,46,2.24,AU,1730693174
15,kapuskasing,49.4169,-82.4331,3.29,92,100,3.63,CA,1730693221
16,albany,42.6001,-73.9662,0.23,78,24,0.6,US,1730693247
17,poplar bluff,36.757,-90.3929,17.94,100,100,3.09,US,1730693653
18,port-aux-francais,-49.35,70.2167,4.85,88,100,13.18,TF,1730693173
19,tura,25.5198,90.2201,27.31,59,0,0.71,IN,1730693642
20,yamada,39.4667,141.95,17.89,47,0,4.58,JP,1730693655
21,puerto maldonado,-12.6,-69.1833,23.09,86,100,1.5,PE,1730693658
22,puerto natales,-51.7236,-72.4875,1.87,92,27,3.2,CL,1730693243
23,constantia,44.1833,28.65,0.38,54,6,5.59,RO,1730693626
24,lisala,2.15,21.5167,20.07,99,98,0.51,CD,1730693661
25,merizo village,13.2658,144.6691,31.31,85,33,4.55,GU,1730693663
26,lihue,21.9789,-159.3672,25.77,78,0,6.17,US,1730693301
27,stanley,54.868,-1.6985,8.01,86,100,0.0,GB,1730693287
28,omdurman,15.6445,32.4777,24.04,19,9,6.51,SD,1730693667
29,puerto ayora,-0.7393,-90.3518,20.12,75,5,6.41,EC,1730693208
30,bilibino,68.0546,166.4372,-19.92,96,29,3.77,RU,1730693237
31,san antonio de pale,-1.4014,5.6325,25.31,82,100,4.45,GQ,1730693671
32,ushuaia,-54.8,-68.3,5.81,93,100,5.66,AR,1730693091
33,hakui,36.8833,136.7833,26.25,68,0,7.14,JP,1730693673
34,tionk essil,12.7856,-16.5217,25.04,81,59,2.21,SN,1730693674
35,igarka,67.4667,86.5833,-0.12,95,100,5.89,RU,1730693319
36,adamstown,-25.066,-130.1015,20.99,77,100,5.0,PN,1730693167
37,bredasdorp,-34.5322,20.0403,11.65,60,83,5.44,ZA,1730693235
38,tocache,-8.1842,-76.5125,21.97,81,99,0.59,PE,1730693679
39,paka,4.6374,103.4368,30.55,70,98,1.45,MY,1730693680
40,hastings,50.8552,0.5729,11.21,45,7,4.63,GB,1730693479
41,fale old settlement,-9.3852,-171.2468,28.64,75,95,5.62,TK,1730693683
42,khandyga,62.6667,135.6,-16.4,83,100,0.73,RU,1730693191
43,tiksi,71.6872,128.8694,-25.34,100,97,2.46,RU,1730693183
44,jamestown,42.097,-79.2353,9.45,37,0,5.14,US,1730693328
45,cidade velha,14.9167,-23.6167,25.26,78,40,7.2,CV,1730693217
46,morondava,-20.2833,44.2833,26.35,70,0,1.31,MG,1730693689
47,nyaungdon,17.0333,95.65,29.21,74,87,2.58,MM,1730693691
48,kodiak,57.79,-152.4072,2.73,56,20,5.66,US,1730693299
49,wailua homesteads,22.0669,-159.378,25.44,83,0,6.17,US,1730693696
50,papatowai,-46.5619,169.4708,15.4,59,100,2.91,NZ,1730693193
51,sakakah,29.9697,40.2064,13.76,47,0,1.91,SA,1730693699
52,thompson,55.7435,-97.8558,1.09,100,100,1.03,CA,1730693700
53,mwatate,-3.5029,38.3795,20.25,83,41,1.69,KE,1730693701
54,invercargill,-46.4,168.35,16.68,64,99,4.47,NZ,1730693282
55,temnikov,54.6302,43.2148,-1.87,86,100,3.36,RU,1730693703
56,sibolga,1.7427,98.7792,28.44,67,100,1.08,ID,1730693705
57,walvis bay,-22.9575,14.5053,13.34,84,1,5.43,NA,1730693706
58,talnakh,69.4865,88.3972,-4.18,93,100,9.56,RU,1730693707
59,kwali,8.8672,7.005,22.11,55,1,1.46,NG,1730693708
60,tual,-5.6667,132.75,28.16,71,100,7.16,ID,1730693709
61,keflavik,64.0049,-22.5624,10.24,100,100,9.26,IS,1730693710
62,balqash,46.8481,74.995,7.33,87,100,5.0,KZ,1730693712
63,turpan,42.9333,89.1667,15.49,32,17,0.93,CN,1730693572
64,likasi,-10.9814,26.7333,16.98,93,97,0.26,CD,1730693714
65,arawa,-6.2132,155.5367,30.23,69,73,1.05,PG,1730693715
66,west island,-12.1568,96.8225,28.99,74,20,5.66,CC,1730693214
67,opuwo,-18.0607,13.84,19.58,34,89,0.22,NA,1730693718
68,iskateley,67.6803,53.1512,-1.93,89,100,7.36,RU,1730693436
69,ribeira grande,38.5167,-28.7,18.21,90,34,5.36,PT,1730693178
70,edinburgh of the seven seas,-37.0676,-12.3116,12.83,71,100,6.48,SH,1730693171
71,biloela,-24.4167,150.5,33.92,26,100,1.32,AU,1730693722
72,kayangel,8.0823,134.7173,28.83,76,100,6.27,PW,1730693723
73,yulinshi,38.2906,109.7494,6.63,35,47,3.0,CN,1730693725
74,levuka,50.1834,-105.4011,3.54,65,51,4.43,CA,1730693726
75,egilsstadir,65.2653,-14.3948,6.99,99,95,5.14,IS,1730693317
76,whitby,54.4877,-0.615,10.21,84,8,2.14,GB,1730693594
77,san luis de la loma,17.2706,-100.8939,26.06,86,27,1.32,MX,1730693730
78,hirara,24.8,125.2833,26.26,65,85,7.21,JP,1730693732
79,north vernon,39.0062,-85.6236,19.83,78,100,6.12,US,1730693733
80,caleta de carquin,-11.0925,-77.6267,18.39,88,45,4.95,PE,1730693734
81,minas de marcona,-15.2119,-75.1103,13.73,87,87,4.59,PE,1730693735
82,hawaiian paradise park,19.5933,-154.9731,24.37,90,75,0.0,US,1730693224
83,motygino,58.1831,94.7592,-1.64,77,100,1.25,RU,1730693737
84,ballina,-28.8667,153.5667,27.03,64,83,8.94,AU,1730693552
85,ust-nera,64.5667,143.2,-21.82,100,99,1.79,RU,1730693218
86,port alfred,-33.5906,26.891,16.21,88,100,1.79,ZA,1730693200
87,presidente epitacio,-21.7633,-52.1156,22.49,91,91,2.68,BR,1730693703
88,geraldton,-28.7667,114.6,22.23,56,100,5.66,AU,1730693745
89,thinadhoo,0.5333,72.9333,28.11,69,11,4.43,MV,1730693746
90,nuku'alofa,-21.1333,-175.2,22.88,80,94,10.84,TO,1730693747
91,skovorodino,53.9833,123.9167,-3.92,49,32,3.31,RU,1730693748
92,labytnangi,66.6572,66.4183,-6.68,91,100,2.54,RU,1730693680
93,hammerfest,70.6634,23.6821,2.25,60,100,1.03,NO,1730693654
94,touros,-5.1989,-35.4608,25.43,73,53,6.34,BR,1730693324
95,kapa'a,22.0752,-159.319,26.18,82,0,6.17,US,1730693260
96,otterberg,49.5,7.7667,5.22,98,75,0.0,DE,1730693754
97,kapoeta,4.7717,33.5903,25.06,61,99,0.37,SS,1730693755
98,brisas de zicatela,15.8369,-97.0419,26.89,84,37,2.54,MX,1730693756
99,grytviken,-54.2811,-36.5092,1.17,73,8,5.53,GS,1730693185
100,selma,36.5708,-119.6121,12.77,100,0,0.0,US,1730693759
101,vila do maio,15.1333,-23.2167,25.89,77,20,6.09,CV,1730693761
102,ngama,11.7833,17.1667,24.21,28,94,4.58,TD,1730693762
103,guilin,25.2819,110.2864,26.5,36,16,6.63,CN,1730693763
104,sona,45.4388,10.8255,8.51,100,0,2.06,IT,1730693765
105,namibe,-15.1961,12.1522,19.8,82,100,2.8,AO,1730693211
106,bardai,11.65,7.2333,17.7,32,27,3.99,NG,1730693767
107,nizhneudinsk,54.9076,99.0276,3.3,33,48,1.54,RU,1730693768
108,punta arenas,-53.15,-70.9167,6.06,61,0,8.75,CL,1730693769
109,mora,11.0461,14.1401,21.63,39,97,2.29,CM,1730693771
110,alexandria,31.2156,29.9553,20.65,71,6,4.98,EG,1730693772
111,lebu,-37.6167,-73.65,9.66,86,1,4.14,CL,1730693257
112,port mathurin,-19.6833,63.4167,24.06,72,51,6.67,MU,1730693290
113,leticia,-4.2153,-69.9406,22.03,100,20,1.03,CO,1730693743
114,olyokminsk,60.3736,120.4264,-12.02,82,90,0.92,RU,1730693777
115,tsengel,49.4783,100.8894,-2.95,55,0,1.77,MN,1730693662
116,aasiaat,68.7098,-52.8699,-5.98,85,100,1.43,GL,1730693780
117,mirnyy,62.5353,113.9611,-16.57,92,95,0.65,RU,1730693783
118,xining,36.6167,101.7667,6.86,53,7,2.14,CN,1730693784
119,howrah,22.5892,88.3103,28.0,83,0,1.54,IN,1730693785
120,san patricio,28.017,-97.5169,25.97,83,94,8.06,US,1730693283
121,arteche,12.2645,125.4048,28.02,79,85,2.27,PH,1730693788
122,shahpur,16.7,76.8333,27.32,58,5,3.85,IN,1730693789
123,tolanaro,-25.0319,46.9987,26.04,78,20,9.26,MG,1730693790
124,zhongxing,33.7039,118.6792,17.37,39,88,8.04,CN,1730693791
125,ban houakhoua,20.2453,100.4547,29.55,39,4,1.08,LA,1730693793
126,ust-tsilma,65.441,52.1498,-3.48,91,89,4.56,RU,1730693794
127,kavaratti,10.5669,72.642,27.97,74,83,3.5,IN,1730693795
128,three points,32.0767,-111.3137,11.46,45,48,5.35,US,1730693797
129,kerikeri,-35.2268,173.9474,18.84,61,81,1.79,NZ,1730693799
130,mossel bay,-34.1831,22.146,12.96,74,100,7.42,ZA,1730693800
131,afaahiti,-17.75,-149.2833,25.03,64,24,0.75,PF,1730693801
132,samokov,42.3333,23.55,-1.41,81,0,1.84,BG,1730693802
133,coquimbo,-29.9533,-71.3436,12.85,83,0,2.57,CL,1730693743
134,santo antonio do ica,-3.1022,-67.9397,22.47,99,100,1.99,BR,1730693806
135,timbuktu,16.7735,-3.0074,25.68,18,6,4.24,ML,1730693807
136,assab,13.0092,42.7394,27.41,65,5,7.09,ER,1730693808
137,las tablas,7.7667,-80.2833,23.43,99,100,1.92,PA,1730693457
138,blagodarnyy,45.0978,43.4364,0.4,73,1,2.95,RU,1730693811
139,isafjordur,66.0755,-23.124,4.78,98,100,3.79,IS,1730693812
140,portland,45.5234,-122.6762,10.67,92,58,0.45,US,1730693720
141,vadso,70.0744,29.7487,-0.91,86,0,5.66,NO,1730693814
142,villarrobledo,39.2699,-2.6012,12.51,91,98,6.86,ES,1730693815
143,as sulayyil,20.4607,45.5779,22.38,34,0,1.79,SA,1730693817
144,ust'-kulom,61.6864,53.6902,-2.64,84,100,5.66,RU,1730693418
145,nuuk,64.1835,-51.7216,-4.66,93,100,4.63,GL,1730693819
146,howard springs,-12.497,131.047,33.95,63,10,2.98,AU,1730693820
147,sapanca,40.6914,30.2674,6.11,93,75,0.0,TR,1730693821
148,hithadhoo,-0.6,73.0833,27.67,76,94,4.13,MV,1730693566
149,bago,17.3367,96.4797,29.31,72,98,2.1,MM,1730693824
150,saipan,15.1355,145.701,31.39,75,40,5.14,MP,1730693825
151,guimbal,10.6633,122.3228,30.34,69,100,4.86,PH,1730693826
152,letlhakane,-21.4167,25.5833,21.88,26,3,3.98,BW,1730693827
153,ta`u,-14.2336,-169.5144,27.71,81,97,5.17,AS,1730693828
154,koulamoutou,-1.1303,12.4736,21.91,99,100,0.26,GA,1730693830
155,ebon,4.582,168.6964,28.56,68,98,2.72,MH,1730693805
156,badger,64.8,-147.5333,-5.57,90,100,0.0,US,1730693574
157,illapel,-31.6308,-71.1653,10.8,72,70,0.87,CL,1730693811
158,chul'man,56.8479,124.9104,-10.54,85,100,1.75,RU,1730693834
159,eagle point,42.4726,-122.8028,7.01,85,0,0.45,US,1730693835
160,tsetserleg,47.475,101.4542,-1.28,37,0,2.06,MN,1730693837
161,tobelo,1.7284,128.0095,28.8,75,100,2.34,ID,1730693839
162,ilulissat,69.2167,-51.1,-2.99,74,100,4.12,GL,1730693841
163,klyuchi,52.2667,79.1667,9.16,65,68,8.88,RU,1730693842
164,mount isa,-20.7333,139.5,37.87,19,40,3.09,AU,1730693844
165,kaa-khem,51.6833,94.7333,-0.2,48,61,1.19,RU,1730693845
166,broken hill,-31.95,141.4333,27.78,26,2,5.48,AU,1730693194
167,corn island,12.1694,-83.0418,28.01,78,12,3.92,NI,1730693849
168,aginskoye,51.1,114.53,-2.9,43,77,7.25,RU,1730693851
169,mejit,10.2753,170.8646,27.25,74,100,1.42,MH,1730693852
170,lompoc,34.6391,-120.4579,13.85,82,0,3.6,US,1730693853
171,atafu village,-8.5421,-172.5159,28.33,75,95,5.34,TK,1730693426
172,santa ana,33.7456,-117.8678,17.86,64,0,1.54,US,1730693762
173,al mahwit,15.4701,43.5448,14.74,51,0,1.58,YE,1730693857
174,margaret river,-33.95,115.0667,17.64,55,14,4.73,AU,1730693858
175,tamanrasset,22.785,5.5228,13.95,41,0,1.54,DZ,1730693859
176,nova vicosa,-17.8919,-39.3719,23.46,84,100,2.55,BR,1730693612
177,ancud,-41.8697,-73.8203,8.83,86,91,8.14,CL,1730693862
178,guerrero negro,27.9769,-114.0611,17.98,59,68,7.37,MX,1730693380
179,fort st. john,56.2499,-120.8529,2.94,65,75,6.17,CA,1730693833
180,pisco,-13.7,-76.2167,18.34,88,0,3.09,PE,1730693867
181,ichinohe,40.2069,141.3017,16.85,44,0,4.35,JP,1730693868
182,mikun',62.3547,50.0771,-4.27,83,34,4.11,RU,1730693869
183,lorengau,-2.0226,147.2712,28.98,72,50,3.38,PG,1730693871
184,baruun-urt,46.6806,113.2792,-2.18,42,2,7.75,MN,1730693872
185,tynda,55.1667,124.7167,-7.27,67,29,2.14,RU,1730693873
186,codrington,-38.2667,141.9667,16.51,59,69,8.27,AU,1730693538
187,longyearbyen,78.2186,15.6401,-1.09,74,40,4.12,SJ,1730693875
188,metro,-5.1131,105.3067,24.82,87,100,4.24,ID,1730693877
189,victoria,22.2855,114.1577,29.68,70,82,2.68,HK,1730693712
190,liberty,31.8335,-81.5004,21.1,1,29,3.1,US,1730693880
191,nova sintra,14.8667,-24.7167,25.94,78,13,8.01,CV,1730693744
192,jinghong,21.991,100.7341,27.23,47,0,1.58,CN,1730693883
193,camargo,27.6667,-105.1667,18.27,31,0,9.12,MX,1730693884
194,nemuro,43.3236,145.575,13.0,79,100,11.43,JP,1730693886
195,hiratacho,35.4333,132.8167,22.98,60,20,6.17,JP,1730693887
196,campoverde,-8.4753,-74.8058,25.83,72,100,0.62,PE,1730693888
197,lerwick,60.1545,-1.1494,11.03,90,100,3.23,GB,1730693889
198,tokar,18.4254,37.729,28.52,71,0,3.95,SD,1730693890
199,labrador city,52.9463,-66.9114,-4.05,74,100,4.12,CA,1730693892
200,yerofey pavlovich,53.9667,121.9667,-4.3,48,88,1.25,RU,1730693893
201,itaituba,-4.2761,-55.9836,28.06,62,87,0.18,BR,1730693637
202,quzhou,28.9594,118.8686,23.02,61,57,3.42,CN,1730693749
203,calvinia,-31.4707,19.776,9.06,81,93,6.11,ZA,1730693896
204,carnarvon,-24.8667,113.6333,23.04,62,12,8.1,AU,1730693901
205,anadyr,64.75,177.4833,-7.72,67,20,9.0,RU,1730693377
206,hancheng,32.5186,112.3522,20.32,25,85,8.97,CN,1730693903
207,malmberget,67.1753,20.6549,-9.69,86,0,1.54,SE,1730693904
208,atar,20.5169,-13.0499,26.27,18,6,2.21,MR,1730693905
209,vallenar,-28.5708,-70.7581,16.99,63,0,0.68,CL,1730693906
210,college,64.8569,-147.8028,-5.52,88,100,0.0,US,1730693908
211,alofi,-19.0595,-169.9187,23.94,88,75,4.63,NU,1730693620
212,lukhovka,54.1484,45.2573,-2.26,85,84,3.44,RU,1730693910
213,belo sur tsiribihina,-19.7,44.55,27.55,64,1,0.44,MG,1730693822
214,gargalianoi,37.0667,21.6333,15.13,75,42,1.27,GR,1730693912
215,strelka,58.0728,93.0344,2.28,94,100,3.14,RU,1730693914
216,borba,-4.3878,-59.5939,29.11,47,71,1.1,BR,1730693915
217,port augusta,-32.5,137.7667,25.0,39,0,7.29,AU,1730693916
218,shortandy,51.7006,70.9994,2.89,97,100,4.45,KZ,1730693917
219,puerto baquerizo moreno,-0.9,-89.6,20.02,74,74,5.81,EC,1730693411
220,pompey,48.7665,6.1216,5.2,97,100,2.57,FR,1730693920
221,san pedro pochutla,15.7333,-96.4667,25.95,92,8,1.77,MX,1730693921
222,sitka,57.0531,-135.33,5.94,81,75,3.09,US,1730693922
223,kralendijk,12.15,-68.2667,27.99,78,43,4.63,BQ,1730693814
224,alice springs,-23.7,133.8833,31.75,23,89,4.12,AU,1730693924
225,palmer,42.1584,-72.3287,1.02,55,4,0.97,US,1730693925
226,el granada,37.5027,-122.4694,16.29,69,0,5.14,US,1730693927
227,tongren,27.7172,109.1853,23.69,44,6,4.55,CN,1730693928
228,whitehorse,60.7161,-135.0538,-2.72,93,8,3.71,CA,1730693794
229,samastipur,25.85,85.7833,28.02,47,0,2.4,IN,1730693930
230,shwebo,22.5667,95.7,28.64,69,0,2.6,MM,1730693931
231,as samawah,31.332,45.2944,23.19,40,42,3.64,IQ,1730693933
232,nabire,-3.3667,135.4833,30.78,59,95,3.43,ID,1730693934
233,luanda,-8.8368,13.2343,26.0,83,75,3.09,AO,1730693632
234,dunedin,-45.8742,170.5036,13.78,77,100,3.13,NZ,1730693792
235,belyy yar,53.6039,91.3903,0.94,86,100,1.0,RU,1730693937
236,calabozo,8.9242,-67.4293,24.77,87,78,0.43,VE,1730693811
237,las khorey,11.1595,48.1967,26.89,80,100,1.6,SO,1730693940
238,nago,26.5881,127.9761,26.83,72,12,3.81,JP,1730693941
239,vilhena,-12.7406,-60.1458,20.96,95,95,1.56,BR,1730693432
240,westport,41.1415,-73.3579,4.87,64,0,3.6,US,1730693944
241,konstantinovka,49.6167,127.9833,-0.44,53,99,5.95,RU,1730693948
242,villamontes,-21.25,-63.5,20.64,79,37,1.1,BO,1730693949
243,chonchi,-42.6128,-73.8092,7.29,95,64,3.16,CL,1730693822
244,axim,4.8699,-2.2405,25.16,84,19,1.32,GH,1730693421
245,hobyo,5.3505,48.5268,26.99,76,55,5.15,SO,1730693953
246,uturoa,-16.7333,-151.4333,26.33,67,4,1.95,PF,1730693601
247,dombarovskiy,50.7587,59.5386,-1.77,71,42,4.02,RU,1730693955
248,valle nacional,17.7833,-96.3167,23.92,97,50,0.68,MX,1730693956
249,kashgar,39.4547,75.9797,13.56,33,0,3.0,CN,1730693959
250,aykhal,66.0,111.5,-19.47,97,36,3.61,RU,1730693616
251,saint john,45.2727,-66.0677,-3.43,93,0,0.0,CA,1730693897
252,muli,2.9167,73.5667,28.48,68,100,5.86,MV,1730693965
253,kushiro,42.975,144.3747,15.53,72,75,7.72,JP,1730693819
254,kone,-21.0595,164.8658,28.51,46,92,2.64,NC,1730693967
255,mitsamiouli,-11.3847,43.2844,25.94,79,5,4.15,KM,1730693968
256,north platte,41.1239,-100.7654,9.03,86,51,6.71,US,1730693970
257,dudinka,69.4058,86.1778,-2.26,91,100,11.66,RU,1730693971
258,ciudad satelite,19.5167,-99.25,17.28,68,88,1.23,MX,1730693973
259,sovetskiy,61.3614,63.5842,-2.96,94,100,5.26,RU,1730693974
260,ciudad acuna,29.3232,-100.9522,26.16,65,0,5.14,MX,1730693975
261,gaalkacyo,6.7697,47.4308,24.96,70,25,3.81,SO,1730693976
262,bikenibeu village,1.3673,173.1241,29.98,70,40,1.03,KI,1730693978
263,coeur d'alene,47.6777,-116.7805,4.57,91,100,0.0,US,1730693965
264,port lincoln,-34.7333,135.8667,18.82,54,25,3.13,AU,1730693446
265,hamilton,39.1834,-84.5333,19.67,72,75,5.14,US,1730693864
266,marrakesh,31.6315,-8.0083,18.53,88,20,3.09,MA,1730693728
267,asa,58.0167,14.6,3.48,69,5,1.15,SE,1730693984
268,shubarshi,48.5872,57.1869,-0.44,63,0,2.87,KZ,1730693723
269,marsh harbour,26.5412,-77.0636,25.3,75,35,9.87,BS,1730693590
270,bria,6.5423,21.9863,21.09,96,95,0.31,CF,1730693987
271,pacific grove,36.6177,-121.9166,12.83,90,0,4.02,US,1730693559
272,mount gambier,-37.8333,140.7667,18.16,43,5,4.94,AU,1730693557
273,galliano,29.4422,-90.2992,26.0,83,75,3.09,US,1730693991
274,bengkulu,-3.8004,102.2655,24.09,91,100,2.22,ID,1730693952
275,sayula de aleman,17.8667,-94.95,22.34,91,26,2.05,MX,1730693993
276,ulladulla,-35.35,150.4667,20.01,69,98,4.17,AU,1730693994
277,crane,31.3974,-102.3501,22.42,28,36,4.89,US,1730693995
278,la rioja,42.25,-2.5,9.88,91,72,2.48,ES,1730693997
279,vila velha,-20.3297,-40.2925,22.19,96,40,1.54,BR,1730693610
280,kalmunai,7.4167,81.8167,28.26,71,87,1.92,LK,1730693999
281,lalibela,12.0333,39.0333,12.38,53,14,2.67,ET,1730694000
282,qaqortoq,60.7167,-46.0333,-1.66,81,3,8.79,GL,1730693525
283,isabela,6.7085,121.9711,31.03,73,100,1.74,PH,1730694002
284,kangding,30.0513,101.9603,9.11,90,100,1.94,CN,1730694004
285,ayorou,14.7308,0.9174,24.62,22,2,4.36,NE,1730694005
286,barra de santo antonio,-9.4047,-35.5072,24.57,68,17,4.84,BR,1730694006
287,yuanping,38.7153,112.7575,6.87,21,24,1.75,CN,1730693779
288,libreville,0.3925,9.4537,24.65,92,100,2.56,GA,1730694013
289,mogocha,53.7333,119.7667,-5.78,57,100,1.97,RU,1730694014
290,dinghaicun,26.2847,119.7936,22.43,71,99,4.87,CN,1730694015
291,arkhangel'sk,64.5401,40.5433,-1.94,93,75,5.0,RU,1730694016
292,pakala,13.4667,79.1167,25.78,74,41,2.01,IN,1730694018
293,siwa oasis,29.2041,25.5195,17.89,78,0,3.13,EG,1730694019
294,lakhdenpokh'ya,61.5198,30.1992,0.02,74,8,5.35,RU,1730694020
295,minot,48.2325,-101.2963,8.12,93,100,6.69,US,1730693793
296,hazorasp,41.3194,61.0742,15.07,46,70,6.12,UZ,1730694022
297,polyarnyy,69.1989,33.4478,2.21,69,100,10.53,RU,1730693582
298,challapata,-18.9,-66.7667,11.27,60,4,2.62,BO,1730694025
299,tadine,-21.55,167.8833,24.99,59,74,5.55,NC,1730694026
300,sayat,38.7839,63.8803,20.98,36,100,2.08,TM,1730694027
301,sinabang,2.4803,96.3801,29.18,68,99,1.14,ID,1730693474
302,remire-montjoly,4.9167,-52.2667,26.02,89,0,1.54,GF,1730693553
303,okha,53.5739,142.9478,-1.18,58,48,6.01,RU,1730694031
304,tabas,33.5959,56.9244,23.8,27,40,1.88,IR,1730694032
305,carauari,-4.8828,-66.8958,21.95,99,100,1.73,BR,1730694033
306,utrik,11.2278,169.8474,26.34,84,100,4.43,MH,1730693456
307,kandahar,31.0,65.75,23.02,20,0,0.47,AF,1730694035
308,mahibadhoo,3.7833,72.9667,27.05,80,100,5.22,MV,1730694036
309,manokwari,-0.8667,134.0833,28.06,75,59,2.14,ID,1730694038
310,dongsheng,39.8161,109.9776,2.62,38,98,3.6,CN,1730694039
311,kievka,50.2619,71.5514,9.48,60,98,7.52,KZ,1730694040
312,otsuki,35.6,138.9333,19.91,56,1,2.21,JP,1730694041
313,alesund,62.4723,6.1549,12.09,93,75,5.66,NO,1730694042
314,paita,-5.0892,-81.1144,17.89,86,100,5.01,PE,1730693841
315,forster,-32.1667,152.5167,24.1,86,89,7.48,AU,1730694045
316,pahrump,36.2083,-115.9839,13.62,24,0,3.13,US,1730693807
317,quiberon,47.4841,-3.1196,10.06,87,87,6.14,FR,1730694047
318,moya,28.0906,-15.5883,15.93,87,100,0.45,ES,1730694048
319,hermanus,-34.4187,19.2345,11.56,68,89,7.89,ZA,1730694049
320,tchintabaraden,15.8969,5.7985,22.56,21,4,4.55,NE,1730694051
321,albertina,-22.2008,-46.6158,17.42,95,100,2.97,BR,1730694052
322,akcakale,36.7111,38.9475,13.5,82,20,1.26,TR,1730694053
323,borogontsy,62.6683,131.1683,-17.9,88,99,0.84,RU,1730694054
324,watsa,3.0372,29.5355,16.97,98,99,0.73,CD,1730694058
325,callao,-12.0667,-77.15,19.84,82,100,6.69,PE,1730693923
326,trujillo,-8.116,-79.03,16.98,88,89,4.12,PE,1730693721
327,plettenberg bay,-34.0527,23.3716,13.05,83,100,6.15,ZA,1730694062
328,fisterra,42.9049,-9.2629,16.63,75,85,4.05,ES,1730694063
329,hasaki,35.7333,140.8333,22.27,57,9,7.8,JP,1730694065
330,ulety,51.3572,112.4849,-0.81,29,30,5.4,RU,1730694066
331,baise city,23.8997,106.6133,25.75,99,79,0.89,CN,1730694067
332,frutal,-20.0247,-48.9406,21.46,89,86,3.09,BR,1730694068
333,xilin hot,43.9667,116.0333,-0.26,30,5,5.6,CN,1730694030
334,olonkinbyen,70.9221,-8.7187,0.44,98,100,6.99,SJ,1730694071
335,baukau,51.5526,7.2042,6.2,94,15,1.57,DE,1730694072
336,touba,8.2833,-7.6833,21.27,82,17,0.72,CI,1730694073
337,guapi,2.5708,-77.8854,23.8,90,100,1.74,CO,1730694074
338,zabaykal'sk,49.6333,117.3167,-1.73,32,84,7.65,RU,1730694077
339,kingston,17.997,-76.7936,23.08,94,17,1.97,JM,1730693901
340,waimea,20.0231,-155.6717,19.14,94,97,1.34,US,1730694079
341,nizhnesortymskiy,62.4397,71.7603,-3.12,88,100,14.47,RU,1730694081
342,sao joao da barra,-21.6403,-41.0511,23.43,87,100,5.97,BR,1730694082
343,namie,37.4833,141.0,22.77,57,1,5.6,JP,1730694083
344,matiari,25.5961,68.4467,30.51,42,0,3.52,PK,1730694084
345,kalabo,-14.97,22.6814,19.41,83,62,1.6,ZM,1730694086
346,kailua-kona,19.6406,-155.9956,25.86,92,98,0.86,US,1730693422
347,mazamitla,19.9167,-103.0333,11.73,97,36,0.84,MX,1730694088
348,williams lake,52.1415,-122.1445,2.76,98,75,3.09,CA,1730694089
349,tsiombe,-25.3,45.4833,25.12,73,18,7.17,MG,1730694090
350,usinsk,65.9939,57.5281,-0.99,97,100,8.86,RU,1730693663
351,qarah,34.1527,36.7415,9.32,82,39,0.82,SY,1730693977
352,sandnessjoen,66.0217,12.6316,6.81,67,100,4.07,NO,1730694096
353,dwarka,22.2394,68.9678,28.93,55,0,2.87,IN,1730694097
354,ixtapa,20.7,-105.2,25.57,69,0,0.0,MX,1730694098
355,parabel',58.6978,81.4825,3.43,92,100,3.45,RU,1730694100
356,mareeba,-17.0,145.4333,31.8,41,47,4.64,AU,1730694101
357,kathu,7.9178,98.3332,30.9,82,100,1.05,TH,1730694102
358,shchyolkino,45.4291,35.8223,6.5,57,32,7.6,UA,1730694103
359,guayaramerin,-10.8368,-65.3614,24.02,81,64,1.05,BO,1730694104
360,camocim,-2.9022,-40.8411,25.06,79,18,7.51,BR,1730694106
361,kruisfontein,-34.0033,24.7314,12.78,87,100,8.43,ZA,1730693752
362,loango,-4.6719,11.8312,24.81,100,75,0.51,CG,1730694108
363,aripuana,-9.1667,-60.6333,23.05,96,100,0.95,BR,1730694110
364,tharangambadi,11.0319,79.8528,29.21,69,28,3.52,IN,1730694111
365,northam,51.0333,-4.2167,10.9,91,9,3.34,GB,1730694112
366,aioun,16.6614,-9.6149,26.93,18,79,3.44,MR,1730694114
367,tromso,69.6496,18.957,1.01,93,75,1.03,NO,1730694115
368,rongelap,11.1635,166.8941,26.7,84,100,4.79,MH,1730694116
369,corner brook,48.9667,-57.9484,1.0,66,100,4.72,CA,1730694118
370,peniche,39.3558,-9.3811,18.45,85,100,7.19,PT,1730694120
371,port douglas,-16.4833,145.4667,27.0,61,73,5.66,AU,1730694121
372,farah,32.5,62.5,24.0,19,1,1.08,AF,1730694122
373,antsiranana,-12.2787,49.2917,28.42,65,20,5.14,MG,1730694123
374,nelson bay,-32.7167,152.15,21.16,83,100,6.26,AU,1730693705
375,mount pearl,47.5166,-52.7813,1.29,79,40,5.66,CA,1730694125
376,vikulovo,56.8167,70.6107,-1.07,60,29,6.99,RU,1730694127
377,totness,5.8833,-56.3167,26.6,85,38,4.59,SR,1730694129
378,roswell,34.0232,-84.3616,16.61,69,0,5.66,US,1730693935
379,magdagachi,53.45,125.8,-3.68,48,9,2.51,RU,1730694131
380,tazovsky,67.4667,78.7,-3.6,88,99,10.29,RU,1730694132
381,lazaro cardenas,17.9583,-102.2,26.02,82,4,1.41,MX,1730693605
382,wesley chapel,28.2397,-82.3279,22.72,89,0,2.57,US,1730694109
383,barela,23.1,80.05,22.45,68,0,1.03,IN,1730694140
384,kristiansund,63.1115,7.732,10.63,93,75,2.06,NO,1730694141
385,harar,9.3094,42.1258,14.4,55,67,3.02,ET,1730694142
386,georgetown,5.4112,100.3354,30.96,73,40,3.6,MY,1730694143
387,palmas,-10.2128,-48.3603,27.93,83,75,1.54,BR,1730693961
388,vrontados,38.4089,26.1328,14.92,51,20,7.2,GR,1730693997
389,rmi capitol,7.0893,171.3805,27.97,78,100,2.57,MH,1730694147
390,baley,51.6,116.6333,-3.85,50,84,2.04,RU,1730694148
391,qamdo,31.1667,97.2333,4.87,36,99,2.09,CN,1730694149
392,morris,40.8334,-74.5329,4.53,62,83,1.87,US,1730694059
393,charters towers,-20.1,146.2667,35.11,19,23,6.81,AU,1730694153
394,businga,3.3333,20.8833,21.02,99,96,0.41,CD,1730694154
395,princeton,25.5384,-80.4089,26.12,79,100,4.12,US,1730694155
396,valle de la pascua,9.2155,-66.0073,24.51,85,75,2.2,VE,1730694157
397,linganore,39.4404,-77.208,7.44,73,39,2.4,US,1730694158
398,sainyabuli,19.25,101.75,28.71,46,11,1.15,LA,1730694159
399,pesaro,43.9036,12.8903,8.99,84,0,3.84,IT,1730694160
400,goianesia,-15.3175,-49.1175,19.97,95,100,1.12,BR,1730694161
401,minna,9.6139,6.5569,22.84,53,4,4.12,NG,1730694163
402,novo aripuana,-5.1206,-60.3797,25.75,75,94,0.31,BR,1730694164
403,weno,7.4515,151.8468,30.97,89,75,2.57,FM,1730693572
404,lokomotivnyy,53.0118,60.5684,-3.17,70,8,6.9,RU,1730694166
405,mohammedia,33.7066,-7.3944,16.11,100,40,3.09,MA,1730694167
406,palikir - national government center,6.9248,158.1611,31.41,66,75,4.63,FM,1730694168
407,wynyard,-41.0,145.7167,19.55,53,53,1.34,AU,1730694170
408,grand falls-windsor,48.9332,-55.6649,-1.39,89,11,3.57,CA,1730694171
409,paradip garh,20.3167,86.6167,27.52,60,6,2.01,IN,1730694172
410,fort bragg,35.139,-79.006,14.39,79,100,3.09,US,1730693952
411,zarghun shahr,32.8473,68.4457,13.19,34,0,0.61,AF,1730694174
412,olsztyn,53.7799,20.4942,5.97,77,81,3.89,PL,1730694175
413,cabo san lucas,22.8909,-109.9124,22.09,65,48,2.24,MX,1730694048
414,queenstown,-31.8976,26.8753,14.79,85,98,1.78,ZA,1730694017
415,'ain el melh,34.8415,4.1638,14.04,80,85,2.8,DZ,1730694179
416,lata,40.1629,-8.3327,14.94,70,100,2.0,PT,1730694181
417,burao,9.5221,45.5336,20.88,40,80,2.85,SO,1730694182
418,dolores,-36.3132,-57.6792,17.47,80,99,6.19,AR,1730694184
419,inhambane,-23.865,35.3833,25.99,78,40,4.12,MZ,1730694185
420,carutapera,-1.195,-46.02,25.98,77,5,4.66,BR,1730694186
421,neelankarai,12.9455,80.2575,31.16,78,40,2.57,IN,1730694187
422,zaigrayevo,51.8336,108.2703,-0.47,32,37,2.83,RU,1730694188
423,andergrove,-21.0833,149.1833,26.07,63,8,4.78,AU,1730694189
424,teguise,29.0605,-13.564,15.12,77,0,1.03,ES,1730694192
425,kuna,43.4918,-116.4201,6.45,85,75,3.6,US,1730694193
426,colonia,50.9333,6.95,5.54,96,10,1.91,DE,1730693732
427,suntar,62.1444,117.6319,-15.49,92,99,1.08,RU,1730694195
428,le vauclin,14.5452,-60.8388,25.03,100,20,1.54,MQ,1730694196
429,oriximina,-1.7656,-55.8661,29.33,53,42,2.72,BR,1730694198
430,miandrivazo,-19.5167,45.4667,29.0,53,3,0.76,MG,1730694199
431,new plymouth,-39.0667,174.0833,12.4,100,97,6.05,NZ,1730694032
432,plaza huincul,-38.926,-69.2086,11.19,10,47,1.34,AR,1730694193
433,north battleford,52.7834,-108.2847,-5.95,93,0,2.06,CA,1730694202
434,freetown,8.484,-13.2299,25.71,83,99,0.9,SL,1730694203
435,laguna,38.421,-121.4238,16.1,50,0,5.14,US,1730694205
436,gofitskoye,45.0792,43.0464,-0.1,79,0,2.91,RU,1730694206
437,san ignacio de velasco,-16.3667,-60.95,22.22,89,100,1.69,BO,1730694207
438,kiknur,57.3034,47.2011,-10.53,98,88,1.92,RU,1730694208
439,superior,46.7208,-92.1041,8.54,96,100,7.2,US,1730694209
440,paracuru,-3.41,-39.0306,25.42,79,49,6.83,BR,1730694210
441,sao tome,0.3365,6.7273,25.45,88,100,2.77,ST,1730694212
442,isale,6.6979,3.1421,23.87,87,16,0.95,NG,1730694213
443,mili,6.0815,171.735,28.39,72,100,2.25,MH,1730694214
444,richards bay,-28.783,32.0377,22.92,86,91,3.66,ZA,1730694215
445,saudarkrokur,65.7461,-19.6394,8.05,88,100,6.16,IS,1730694216
446,prince rupert,54.3161,-130.3201,6.83,92,100,8.75,CA,1730694218
447,pyapon,16.2833,95.6833,29.63,71,97,2.3,MM,1730694220
448,usogorsk,63.4106,48.6872,-4.41,84,66,3.69,RU,1730693954
449,muisne,0.6,-80.0333,22.9,79,99,3.7,EC,1730694222
450,tralee,52.2704,-9.7026,11.48,79,94,1.55,IE,1730693742
451,kitimat,54.0524,-128.6534,6.06,29,100,1.07,CA,1730694225
452,dalianwan,39.0286,121.695,10.02,46,20,7.0,CN,1730694226
453,taoudenni,22.6783,-3.9836,24.74,17,0,1.02,ML,1730694228
454,tanda,26.55,82.65,28.46,37,0,0.95,IN,1730694229
455,tibanbang,6.6315,126.1055,28.96,72,100,1.11,PH,1730694231
456,urangan,-25.3,152.9,23.13,74,71,5.32,AU,1730694232
457,ad dabbah,18.05,30.95,19.28,32,7,3.91,SD,1730694233
458,homer,59.6425,-151.5483,3.22,81,100,12.07,US,1730694234
459,happy valley-goose bay,53.3168,-60.3315,-0.83,55,75,5.66,CA,1730694235
460,maych'ew,12.7875,39.5422,11.19,68,6,1.96,ET,1730693990
461,kadnikov,59.5022,40.338,-3.35,89,100,1.22,RU,1730694238
462,brokopondo,4.75,-55.1667,26.17,78,48,5.22,SR,1730694239
463,changleng,28.7,115.8167,24.65,41,78,5.08,CN,1730694241
464,jiazi,22.8779,116.067,26.25,63,71,6.25,CN,1730694242
465,ailuk,10.2197,169.9797,28.21,67,96,2.35,MH,1730694244
466,ujae,8.9322,165.7642,27.66,79,97,6.58,MH,1730694245
467,nadym,65.5333,72.5167,-3.64,95,100,8.76,RU,1730694246
468,east london,-33.0153,27.9116,17.52,77,0,5.66,ZA,1730694247
469,nayoro,44.3506,142.4578,8.99,91,100,6.43,JP,1730694248
470,sisimiut,66.9395,-53.6735,-2.14,83,100,10.52,GL,1730693960
471,anloga,5.7947,0.8973,26.96,77,6,1.85,GH,1730694251
472,port-gentil,-0.7193,8.7815,24.38,93,100,2.99,GA,1730694252
473,bel ombre,-4.6167,55.4167,28.91,70,20,1.03,SC,1730694253
474,haiku-pauwela,20.9219,-156.3051,25.12,75,40,8.94,US,1730694257
475,oliver,49.1831,-119.5524,1.95,93,49,0.51,CA,1730694258
476,puerto el triunfo,13.2833,-88.55,25.33,88,80,1.32,SV,1730694259
477,al burayqah,30.4062,19.5739,20.06,69,38,4.49,LY,1730694260
478,bereket,39.2446,55.5154,12.44,87,100,4.21,TM,1730694262
479,susanville,40.4163,-120.653,0.46,77,1,0.45,US,1730694263
480,luderitz,-26.6481,15.1594,14.52,71,80,10.59,NA,1730694264
481,alo,6.5486,4.2686,25.28,86,18,1.05,NG,1730694265
482,belmonte,-15.8631,-38.8828,23.26,89,99,2.72,BR,1730694266
483,reggane,26.7158,0.1714,25.67,16,96,2.22,DZ,1730694267
484,san martin,-33.081,-68.4681,21.03,62,0,3.18,AR,1730694269
485,titahari,26.6667,87.2833,27.56,60,0,1.52,NP,1730694270
486,mormugao,15.4,73.8,28.59,79,20,2.06,IN,1730694271
487,ivdel',60.6911,60.4206,-1.47,72,100,5.51,RU,1730694273
488,pandan,14.0453,124.1694,28.37,75,13,4.06,PH,1730694274
489,virginia beach,36.8529,-75.978,14.44,78,75,3.09,US,1730693675
490,zemio,5.0314,25.1361,20.62,97,89,0.59,CF,1730694277
491,paramonga,-10.6667,-77.8333,18.19,90,56,4.04,PE,1730694278
492,jayapura,-2.5333,140.7,31.66,78,98,3.68,ID,1730694279
493,bridlington,54.0831,-0.1919,10.29,6,27,2.16,GB,1730694281
494,yelizovo,53.1873,158.3805,3.08,30,20,3.0,RU,1730694283
495,revda,56.801,59.9303,-3.73,82,100,6.51,RU,1730694284
496,nyurba,63.2842,118.3319,-16.76,93,70,0.78,RU,1730694285
497,eidson road,28.6772,-100.487,26.2,68,0,8.46,US,1730694286
498,brandon,27.9378,-82.2859,22.93,91,0,2.06,US,1730694287
499,otra banda,18.6502,-68.6628,22.84,95,100,1.71,DO,1730694289
500,hadibu,12.65,54.0333,26.12,81,21,1.05,YE,1730694290
501,dakhla,23.6848,-15.958,19.05,90,91,5.0,EH,1730694291
502,suifenhe,44.4,131.1667,0.35,77,83,6.38,CN,1730694292
503,untsukul',42.7115,46.7866,-0.46,84,100,0.77,RU,1730694293
504,okhotsk,59.3833,143.3,-6.87,64,100,5.36,RU,1730694294
505,holualoa,19.6228,-155.9522,23.79,89,99,0.88,US,1730694296
506,jackson,42.4165,-122.8345,6.93,84,0,0.45,US,1730693736
507,xinyuan,37.3,99.0,2.99,15,0,4.84,CN,1730694298
508,donetsk,48.0,37.8,2.37,53,100,7.72,UA,1730694216
509,arraial do cabo,-22.9661,-42.0278,23.07,88,100,8.86,BR,1730694300
510,nagqu,31.5,92.0,0.76,25,75,1.76,CN,1730694302
511,port macquarie,-31.4333,152.9167,21.86,87,92,5.45,AU,1730694303
512,likisa,-8.6695,125.6875,26.82,45,58,2.81,TL,1730694304
513,ouadda,8.0777,22.4007,20.35,61,80,1.39,CF,1730694305
514,ilheus,-14.7889,-39.0494,22.34,92,100,1.22,BR,1730694306
515,mar del plata,-38.0023,-57.5575,16.08,91,100,8.05,AR,1730694307
516,yanchep,-31.55,115.6833,19.17,59,2,5.5,AU,1730694310
517,tidjikja,18.5564,-11.4271,26.67,15,0,4.02,MR,1730694311
518,cotacachi,0.3,-78.2667,13.33,93,100,0.32,EC,1730694312
519,port saint john's,-31.6229,29.5448,19.38,87,100,3.77,ZA,1730694313
520,dakoro,14.5106,6.765,22.68,20,100,4.46,NE,1730694314
521,roma,43.2128,-75.4557,2.99,75,0,3.13,US,1730694062
522,taulaga,-11.0553,-171.0883,28.51,74,60,5.33,AS,1730694317
523,copala,16.65,-98.9833,25.43,87,14,2.32,MX,1730694318
524,mil'kovo,55.6078,37.7956,0.19,59,100,4.48,RU,1730694319
525,antonio enes,-16.2325,39.9086,25.96,79,0,1.25,MZ,1730694320
526,saint-philippe,-21.3585,55.7679,23.49,82,41,3.42,RE,1730694321
527,timmins,48.4669,-81.3331,2.9,87,100,5.66,CA,1730694315
528,puerto gaitan,4.3133,-72.0816,25.26,87,100,1.14,CO,1730694324
529,okulovka,58.4008,33.2908,-1.46,92,98,3.79,RU,1730694325
530,port hedland,-20.3167,118.5667,41.03,22,11,6.17,AU,1730694326
531,hameenkyro,61.6391,23.1953,-3.41,94,8,1.88,FI,1730694328
532,ar rudayyif,34.3827,8.1555,16.74,66,96,1.27,TN,1730694329
533,anna regina,7.2644,-58.5077,27.21,81,39,3.14,GY,1730694330
534,tanjung selor,2.8372,117.3642,29.25,83,98,0.5,ID,1730694331
535,son la,21.3167,103.9,24.39,53,0,1.55,VN,1730694332
536,santa cruz,-17.8,-63.1667,24.7,88,20,4.12,BO,1730694073
537,arkalyk,50.2486,66.9114,-0.3,97,100,3.97,KZ,1730694335
538,mizan teferi,6.9833,35.5833,15.39,95,97,1.21,ET,1730694336
539,petropavlovsk-kamchatsky,53.0452,158.6483,2.33,30,20,3.0,RU,1730694337
540,greenville,35.6127,-77.3663,10.64,81,2,3.15,US,1730694206
541,zheshart,62.0731,49.5733,-3.68,80,60,3.97,RU,1730694340
542,tommot,58.9564,126.2925,-8.53,86,100,1.72,RU,1730694342
543,warren,39.4334,-84.1666,19.28,70,75,5.14,US,1730693546
544,kenai,60.5544,-151.2583,1.05,99,100,0.0,US,1730694305
545,hwange,-18.3693,26.5019,24.56,46,17,0.67,ZW,1730694345
546,agat village,13.3886,144.6585,31.52,82,40,6.17,GU,1730694347
547,la'ie,21.6477,-157.9253,25.62,79,90,1.79,US,1730694349
548,luchenza,-16.0069,35.3095,22.79,67,4,2.1,MW,1730694350
549,poso,-1.3959,120.7524,30.63,61,98,1.35,ID,1730694353
550,puerto deseado,-47.7503,-65.8938,14.58,32,100,9.97,AR,1730694242
551,sollenau,47.9026,16.2498,4.12,100,90,0.95,AT,1730694355
552,shache,38.4167,77.2406,13.65,30,0,1.59,CN,1730694356
553,isiro,2.7739,27.616,18.65,99,100,0.62,CD,1730694358
554,cabinda,-5.55,12.2,25.11,91,100,3.32,AO,1730694359
555,magadan,59.5667,150.8,-8.69,69,45,4.49,RU,1730694360
556,ancenis,47.3667,-1.1667,10.15,91,19,3.33,FR,1730694361
557,kuta,-8.7233,115.1723,31.97,74,20,6.17,ID,1730694139
558,severnoye,56.3491,78.3619,1.89,99,100,2.07,RU,1730694363
559,lycksele,64.5954,18.6735,-6.07,93,81,1.54,SE,1730694365
560,paraiso,9.8383,-83.8656,18.01,98,100,0.69,CR,1730694366
561,dukku,10.8231,10.7717,20.18,36,42,2.87,NG,1730694367
562,amungan,15.3652,119.9582,29.6,67,100,3.86,PH,1730694368
563,mogadishu,2.0371,45.3438,26.93,89,20,1.54,SO,1730694285
564,holmen,43.9633,-91.2562,10.71,96,100,0.0,US,1730694372
565,nikolayevsk-on-amure,53.1406,140.73,-1.97,52,51,2.13,RU,1730694373
566,lodwar,3.1191,35.5973,28.55,50,38,5.41,KE,1730694374
567,natal,-5.795,-35.2094,26.12,73,40,6.17,BR,1730694209
568,talbahat,25.05,78.4333,27.04,37,0,2.06,IN,1730694376
569,ormara,25.2088,64.6357,27.16,73,0,2.18,PK,1730694378
570,zwedru,6.0667,-8.1281,21.56,99,50,0.91,LR,1730694379
571,xiongzhou,25.1167,114.3,26.66,39,78,3.56,CN,1730694380
572,mugia,43.1041,-9.2179,16.42,73,54,2.98,ES,1730694381
573,leh,34.1667,77.5833,3.36,32,0,0.56,IN,1730694382
574,katsuura,35.1333,140.3,22.52,58,0,6.08,JP,1730694385
575,salinopolis,-0.6136,-47.3561,26.61,74,5,5.53,BR,1730694386
576,laoang,12.5,125.0167,28.15,79,94,1.82,PH,1730694387
577,nouadhibou,20.931,-17.0347,17.99,94,7,5.14,MR,1730694390
578,kavieng,-2.5744,150.7967,29.1,71,91,3.34,PG,1730694391
579,soio,-6.1349,12.3689,25.08,90,100,3.43,AO,1730694393
580,acara,-1.9608,-48.1967,22.09,95,13,1.04,BR,1730694394
581,caussade,44.1608,1.5391,12.06,83,0,2.47,FR,1730694396
582,humaita,-7.5061,-63.0208,23.22,98,91,1.73,BR,1730694397
583,podporozh'ye,60.9112,34.1706,-2.89,89,72,2.52,RU,1730694398
584,gaspe,48.8334,-64.4819,1.12,64,75,4.12,CA,1730694399
585,palu,-0.8917,119.8707,31.31,65,100,1.18,ID,1730694400
586,leava,-14.3,-178.1667,28.27,76,10,1.42,WF,1730694401
587,puerto madero,14.7208,-92.4215,26.11,94,40,0.0,MX,1730694188
588,san carlos,9.6612,-68.5827,22.66,93,62,1.25,VE,1730694404
589,elizabeth city,36.2946,-76.2511,12.0,87,0,2.06,US,1730694198
590,eraan,9.0629,117.7016,31.01,65,100,0.88,PH,1730694406
591,tuy hoa,13.0833,109.3,27.69,81,96,4.14,VN,1730694407
592,santa terezinha,-29.9002,-50.0904,20.66,87,95,6.85,BR,1730694409
593,dubovka,49.0583,44.829,0.74,73,81,6.35,RU,1730694410
594,araxa,-19.5933,-46.9406,17.9,98,98,2.43,BR,1730694411
595,broome,42.2506,-75.833,4.23,61,0,3.09,US,1730694412
596,manicore,-5.8092,-61.3003,27.8,63,100,1.27,BR,1730694413
597,adh dhibiyah,24.5014,45.9686,20.94,37,0,3.56,SA,1730694415
598,horta,38.5333,-28.6333,18.34,90,49,4.02,PT,1730694416
599,abalak,58.1286,68.5944,-2.65,65,71,6.5,RU,1730694417
600,brasileia,-11.0161,-68.7481,22.48,96,76,1.43,BR,1730694418
601,mhamid,29.82,-5.72,19.04,43,98,2.95,MA,1730694419
602,noyabrsk,63.1994,75.4507,-4.08,91,100,14.37,RU,1730694420
603,nahiyat ash shinafiyah,31.5874,44.6602,21.32,69,43,4.74,IQ,1730694423
604,bolnisi,41.4479,44.5384,5.88,73,95,0.87,GE,1730694424
605,bom jesus,-9.0744,-44.3586,24.21,46,8,0.06,BR,1730694425
606,berdigestyakh,62.0989,126.6992,-17.09,90,99,1.6,RU,1730694426
607,korsakov,46.6328,142.7813,2.91,97,100,7.83,RU,1730694428
608,edd,13.9297,41.6925,29.65,41,6,3.4,ER,1730694429
609,itaguacu,-19.8019,-40.8556,20.62,96,99,1.03,BR,1730694430
610,fukuecho,32.6881,128.8419,23.2,56,20,3.6,JP,1730694431
611,conceicao do araguaia,-8.2578,-49.2647,23.92,90,100,0.89,BR,1730694432
612,isangel,-19.55,169.2667,27.06,61,75,5.14,VU,1730694433
